Workbook

Sheet PROJECT_OVERVIEW
A1: Customer Data Governance & GDPR Risk Assessment
A2: Data Quality, Privacy Risk & Governance Analysis I NovaRetail Europe
A3: Company | B3: NovaRetail Europe
A4: Project Type | B4: Portfolio Case Study - Synthetic Data
A5: Objective | B5: Assess customer data quality, governance and potential GDPR - related risks
A6: Tools | B6: Microsoft Excel
A8: Business Problem | B8: Assess customer data quality, governance and GDPR - related risks across EU markets
A10: Project Scope | B10: Data quality, ownership, classification, retention and consent management
A12: Methodology | B12: Data quality assessment, privacy and consent analysis, data inventory review, risk assessment and executive reporting
A14: Key Findings | B14: 8 data quality issues, 3 governance gaps and 3 High risks identified; no Critical risks detected
A16: Priority Actions | B16: Prioritize record updates, data ownership assignment, data classification, retention governance and consent documentation
A18: Deliverables | B18: Data quality controls, consent validation, data inventory, risk register and executive dashboard

Sheet CUSTOMERS
A1: Customer_ID | B1: Full_Name | C1: Country | D1: Email | E1: Registration_Date | F1: Last_Update | G1: Data_Classification | H1: Data_Owner | I1: Customer_Status | J1: Duplicate_Check | K1: Email_Check | L1: Country:Check | M1: Classification_Check | N1: Owner_Check | O1: Timeliness_Check | P1: Status_Check
A2: C0001 | B2: Anna Rossi | C2: Italy | D2: anna.rossi@example.com | E2: 44997 | F2: 46218 | G2: Confidential | H2: Marketing | I2: Active | J2: =IF(COUNTIF($A$2:$A$14,A2)>1,"Duplicate","OK") -> OK | K2: =IF(D2="","missing","OK") -> OK | L2: =IF(OR(C2="Italy",C2="Spain",C2="France",C2="Germany"),"OK","Review") -> OK | M2: =IF(G2="","Missing","OK") -> OK | N2: =IF(H2="","Missing","OK") -> OK | O2: =IF(F2<DATE(2025,1,1),"Review","OK") -> OK | P2: =IF(OR(I2="Active",I2="Inactive"),"OK","Review") -> OK
A3: C0002 | B3: Marco Bianchi | C3: Italy | D3: marco.bianchi@example.com | E3: 44812 | F3: 46032 | G3: Confidential | H3: Marketing | I3: Active | J3: =IF(COUNTIF($A$2:$A$14,A3)>1,"Duplicate","OK") -> OK | K3: =IF(D3="","missing","OK") -> OK | L3: =IF(OR(C3="Italy",C3="Spain",C3="France",C3="Germany"),"OK","Review") -> OK | M3: =IF(G3="","Missing","OK") -> OK | N3: =IF(H3="","Missing","OK") -> OK | O3: =IF(F3<DATE(2025,1,1),"Review","OK") -> OK | P3: =IF(OR(I3="Active",I3="Inactive"),"OK","Review") -> OK
A4: C0003 | B4: Sofia Garcia | C4: Spain | D4: sofia.garcia@example.com | E4: 45433 | F4: 46176 | G4: Confidential | H4: Sales | I4: Active | J4: =IF(COUNTIF($A$2:$A$14,A4)>1,"Duplicate","OK") -> OK | K4: =IF(D4="","missing","OK") -> OK | L4: =IF(OR(C4="Italy",C4="Spain",C4="France",C4="Germany"),"OK","Review") -> OK | M4: =IF(G4="","Missing","OK") -> OK | N4: =IF(H4="","Missing","OK") -> OK | O4: =IF(F4<DATE(2025,1,1),"Review","OK") -> OK | P4: =IF(OR(I4="Active",I4="Inactive"),"OK","Review") -> OK
A5: C0004 | B5: Lucas Martin | C5: France | D5: lucas.martin@example.com | E5: 44514 | F5: 45342 | G5: Confidential | H5: Marketing | I5: Inactive | J5: =IF(COUNTIF($A$2:$A$14,A5)>1,"Duplicate","OK") -> OK | K5: =IF(D5="","missing","OK") -> OK | L5: =IF(OR(C5="Italy",C5="Spain",C5="France",C5="Germany"),"OK","Review") -> OK | M5: =IF(G5="","Missing","OK") -> OK | N5: =IF(H5="","Missing","OK") -> OK | O5: =IF(F5<DATE(2025,1,1),"Review","ok") -> Review | P5: =IF(OR(I5="Active",I5="Inactive"),"OK","Review") -> OK
A6: C0005 | B6: Emma Müller | C6: Germany | D6: emma.muller@example.com | E6: 45690 | F6: 46246 | G6: Confidential | H6: Sales | I6: Active | J6: =IF(COUNTIF($A$2:$A$14,A6)>1,"Duplicate","OK") -> OK | K6: =IF(D6="","missing","OK") -> OK | L6: =IF(OR(C6="Italy",C6="Spain",C6="France",C6="Germany"),"OK","Review") -> OK | M6: =IF(G6="","Missing","OK") -> OK | N6: =IF(H6="","Missing","OK") -> OK | O6: =IF(F6<DATE(2025,1,1),"Review","OK") -> OK | P6: =IF(OR(I6="Active",I6="Inactive"),"OK","Review") -> OK
A7: C0006 | B7: Laura Romano | C7: Italy | D7: laura.romano@example.com | E7: 45087 | F7: 46221 | G7: Confidential | H7: Marketing | I7: Active | J7: =IF(COUNTIF($A$2:$A$14,A7)>1,"Duplicate","ok") -> Duplicate | K7: =IF(D7="","missing","OK") -> OK | L7: =IF(OR(C7="Italy",C7="Spain",C7="France",C7="Germany"),"OK","Review") -> OK | M7: =IF(G7="","Missing","OK") -> OK | N7: =IF(H7="","Missing","OK") -> OK | O7: =IF(F7<DATE(2025,1,1),"Review","OK") -> OK | P7: =IF(OR(I7="Active",I7="Inactive"),"OK","Review") -> OK
A8: C0007 | B8: Daniel López | C8: Spain | E8: 45387 | F8: 46254 | G8: Confidential | H8: Sales | I8: Active | J8: =IF(COUNTIF($A$2:$A$14,A8)>1,"Duplicate","OK") -> OK | K8: =IF(D8="","Missing","ok") -> Missing | L8: =IF(OR(C8="Italy",C8="Spain",C8="France",C8="Germany"),"OK","Review") -> OK | M8: =IF(G8="","Missing","OK") -> OK | N8: =IF(H8="","Missing","OK") -> OK | O8: =IF(F8<DATE(2025,1,1),"Review","OK") -> OK | P8: =IF(OR(I8="Active",I8="Inactive"),"OK","Review") -> OK
A9: C0008 | B9: Claire Dubois | C9: France | D9: claire.dubois@example.com | E9: 44578 | F9: 46153 | G9: Confidential | H9: Marketing | I9: Active | J9: =IF(COUNTIF($A$2:$A$14,A9)>1,"Duplicate","OK") -> OK | K9: =IF(D9="","missing","OK") -> OK | L9: =IF(OR(C9="Italy",C9="Spain",C9="France",C9="Germany"),"OK","Review") -> OK | M9: =IF(G9="","Missing","OK") -> OK | N9: =IF(H9="","Missing","OK") -> OK | O9: =IF(F9<DATE(2025,1,1),"Review","OK") -> OK | P9: =IF(OR(I9="Active",I9="Inactive"),"OK","Review") -> OK
A10: C0009 | B10: Thomas Weber | C10: Germany | D10: thomas.weber@example.com | E10: 45160 | F10: 46212 | H10: Sales | I10: Active | J10: =IF(COUNTIF($A$2:$A$14,A10)>1,"Duplicate","OK") -> OK | K10: =IF(D10="","missing","OK") -> OK | L10: =IF(OR(C10="Italy",C10="Spain",C10="France",C10="Germany"),"OK","Review") -> OK | M10: =IF(G10="","Missing","ok") -> Missing | N10: =IF(H10="","Missing","OK") -> OK | O10: =IF(F10<DATE(2025,1,1),"Review","OK") -> OK | P10: =IF(OR(I10="Active",I10="Inactive"),"OK","Review") -> OK
A11: C0010 | B11: Giulia Conti | C11: Italy | D11: giulia.conti@example.com | E11: 44499 | F11: 45000 | G11: Confidential | I11: Active | J11: =IF(COUNTIF($A$2:$A$14,A11)>1,"Duplicate","OK") -> OK | K11: =IF(D11="","missing","OK") -> OK | L11: =IF(OR(C11="Italy",C11="Spain",C11="France",C11="Germany"),"OK","Review") -> OK | M11: =IF(G11="","Missing","OK") -> OK | N11: =IF(H11="","Missing","ok") -> Missing | O11: =IF(F11<DATE(2025,1,1),"Review","ok") -> Review | P11: =IF(OR(I11="Active",I11="Inactive"),"OK","Review") -> OK
A12: C0006 | B12: Laura Romano | C12: Italy | D12: laura.romano@example.com | E12: 45087 | F12: 46221 | G12: Confidential | H12: Marketing | I12: Active | J12: =IF(COUNTIF($A$2:$A$14,A12)>1,"Duplicate","ok") -> Duplicate | K12: =IF(D12="","missing","OK") -> OK | L12: =IF(OR(C12="Italy",C12="Spain",C12="France",C12="Germany"),"OK","Review") -> OK | M12: =IF(G12="","Missing","OK") -> OK | N12: =IF(H12="","Missing","OK") -> OK | O12: =IF(F12<DATE(2025,1,1),"Review","OK") -> OK | P12: =IF(OR(I12="Active",I12="Inactive"),"OK","Review") -> OK
A13: C0012 | B13: Pablo Ruiz | C13: Spain | D13: pablo.ruiz@example.com | E13: 45637 | F13: 46203 | G13: Confidential | H13: Sales | I13: Active | J13: =IF(COUNTIF($A$2:$A$14,A13)>1,"Duplicate","OK") -> OK | K13: =IF(D13="","missing","OK") -> OK | L13: =IF(OR(C13="Italy",C13="Spain",C13="France",C13="Germany"),"OK","Review") -> OK | M13: =IF(G13="","Missing","OK") -> OK | N13: =IF(H13="","Missing","OK") -> OK | O13: =IF(F13<DATE(2025,1,1),"Review","OK") -> OK | P13: =IF(OR(I13="Active",I13="Inactive"),"OK","Review") -> OK
A14: C0013 | B14: Marie Laurent | C14: France | D14: marie.laurent@example.com | E14: 43899 | F14: 44575 | G14: Confidential | H14: Marketing | I14: Active | J14: =IF(COUNTIF($A$2:$A$14,A14)>1,"Duplicate","OK") -> OK | K14: =IF(D14="","missing","OK") -> OK | L14: =IF(OR(C14="Italy",C14="Spain",C14="France",C14="Germany"),"OK","Review") -> OK | M14: =IF(G14="","Missing","OK") -> OK | N14: =IF(H14="","Missing","OK") -> OK | O14: =IF(F14<DATE(2025,1,1),"Review","ok") -> Review | P14: =IF(OR(I14="Active",I14="Inactive"),"OK","Review") -> OK

Sheet DATA_QUALITY_RULES
A1: Rule_ID | B1: field | C1: Quality_Dimension | D1: Rule
A2: DQ001 | B2: Customer_ID | C2: Uniqueness | D2: Customer_ID must be unique
A3: DQ002 | B3: Customer_ID | C3: Completeness | D3: Customer_ID must not be blank
A4: DQ003 | B4: Email | C4: Completeness | D4: Email must not be blank
A5: DQ004 | B5: Country | C5: Consistency | D5: Country must use standardized values
A6: DQ005 | B6: Last_Update | C6: Timeliness | D6: Customer records must be periodically reviewed
A7: DQ006 | B7: Data_Classification | C7: Completeness | D7: Data classification must not be blank
A8: DQ007 | B8: Data_owner | C8: Completeness | D8: Data owner must be assigned
A9: DQ008 | B9: Customer_Status | C9: Consistency | D9: Status must use approved values

Sheet DATA_QUALITY
A1: Data Quality Assessment
A3: KPI | B3: Result
A4: Total Records | B4: =COUNTA(CUSTOMERS!A2:A14) -> 13
A5: Duplicate Records | B5: =COUNTIF(CUSTOMERS!J2:J14,"duplicate") -> 2
A6: Missing Emails | B6: =COUNTIF(CUSTOMERS!K2:K14,"missing") -> 1
A7: Missing Classifications | B7: =COUNTIF(CUSTOMERS!M2:M14,"missing") -> 1
A8: Missing Data Owners | B8: =COUNTIF(CUSTOMERS!N2:N14,"missing") -> 1
A9: Outdated Records | B9: =COUNTIF(CUSTOMERS!2:14,"review") -> 3
A11: Data Quality Indicators
A12: Duplicate Rate | B12: =B5/B4 -> 0.15384615
A13: Missing Email Rate | B13: =B6/B4 -> 0.076923077
A14: Missing Owner Rate | B14: =B8/B4 -> 0.076923077
A15: Outdated Record Rate | B15: =B9/B4 -> 0.23076923
A17: Privacy & Consent Indicators
A18: Total Consent Records | B18: =COUNTA(CONSENTS!A2:A13) -> 12
A19: Missing Consent Dates | B19: =COUNTIF(CONSENTS!I2:I13,"missing") -> 1
A20: Missing Withdrawal Dates | B20: =COUNTIF(CONSENTS!J2:J13,"missing") -> 1
A21: Legal Basis Issues | B21: =COUNTIF(CONSENTS!K2:K3,"review") -> 0
A22: Unmatched Customer IDs | B22: =COUNTIF(CONSENTS!L2:L13,"not found") -> 0
A24: Data Governance Indicators
A25: Total Data Assets | B25: =COUNTA(DATA_INVENTORY!A2:A9) -> 8
A26: Missing Retention Policies | B26: =COUNTIF(DATA_INVENTORY!J2:J9,"Missing") -> 1
A27: Missing Data Owners | B27: =COUNTIF(DATA_INVENTORY!L2:L9,"Missing") -> 1
A28: Missing Classifications | B28: =COUNTIF(DATA_INVENTORY!L2:L9,"Missing") -> 1
A29: Personal Data Assets to Review | B29: =COUNTIF(DATA_INVENTORY!M2:M9,"Review") -> 1
A31: Risk Indicators
A32: Total Risk | B32: =COUNTA(RISK_REGISTER!A2:A6) -> 5
A33: High Risks | B33: =COUNTIF(RISK_REGISTER!I2:I6,"High") -> 3
A34: Medium Risks | B34: =COUNTIF(RISK_REGISTER!I2:I6,"Medium") -> 1
A35: Low Risks | B35: =COUNTIF(RISK_REGISTER!I2:I6,"Low") -> 1
A36: Critical Risks | B36: =COUNTIF(RISK_REGISTER!I2:I6,"Critical") -> 0

Sheet CONSENTS
A1: Consent_ID | B1: Customer_ID | C1: Processing_Purpose | D1: Legal_Basis | E1: Consent_Status | F1: Consent_Date | G1: Withdrawal_Date | H1: Consent_Source | I1: Consent_Date_Check | J1: Withdrawal_Date_Check | K1: Legal_Basis_Check | L1: Customer_ID_Check
A2: CN001 | B2: C0001 | C2: Marketing | D2: Consent | E2: Granted | F2: 44997 | H2: Webisite | I2: =IF(AND(E2="granted",F2=""),"missing","ok") -> ok | J2: =IF(AND(E2="withdrawn",G2=""),"Missing","ok") -> ok | K2: =IF(AND(D2="consent",E2="Not applicable"),"Review",IF(AND(D2<>"consent",E2<>"Not applicable"),"Review","ok")) -> ok | L2: =IF(COUNTIF(CUSTOMERS!$A$2:$A$14,B2)>0,"ok","not found") -> ok
A3: CN002 | B3: C0002 | C3: Order Management | D3: Contract | E3: Not Applicable | H3: E-commerce | I3: =IF(AND(E3="granted",F3=""),"missing","ok") -> ok | J3: =IF(AND(E3="withdrawn",G3=""),"Missing","ok") -> ok | K3: =IF(AND(D3="consent",E3="Not applicable"),"Review",IF(AND(D3<>"consent",E3<>"Not applicable"),"Review","ok")) -> ok | L3: =IF(COUNTIF(CUSTOMERS!$A$2:$A$14,B3)>0,"ok","not found") -> ok
A4: CN003 | B4: C0003 | C4: Marketing | D4: Consent | E4: Granted | F4: 45433 | H4: Webisite | I4: =IF(AND(E4="granted",F4=""),"missing","ok") -> ok | J4: =IF(AND(E4="withdrawn",G4=""),"Missing","ok") -> ok | K4: =IF(AND(D4="consent",E4="Not applicable"),"Review",IF(AND(D4<>"consent",E4<>"Not applicable"),"Review","ok")) -> ok | L4: =IF(COUNTIF(CUSTOMERS!$A$2:$A$14,B4)>0,"ok","not found") -> ok
A5: CN004 | B5: C0004 | C5: Customer Support | D5: Contract | E5: Not Applicable | H5: CRM | I5: =IF(AND(E5="granted",F5=""),"missing","ok") -> ok | J5: =IF(AND(E5="withdrawn",G5=""),"Missing","ok") -> ok | K5: =IF(AND(D5="consent",E5="Not applicable"),"Review",IF(AND(D5<>"consent",E5<>"Not applicable"),"Review","ok")) -> ok | L5: =IF(COUNTIF(CUSTOMERS!$A$2:$A$14,B5)>0,"ok","not found") -> ok
A6: CN005 | B6: C0005 | C6: Marketing | D6: Consent | E6: Granted | F6: 45690 | H6: Mobile App | I6: =IF(AND(E6="granted",F6=""),"missing","ok") -> ok | J6: =IF(AND(E6="withdrawn",G6=""),"Missing","ok") -> ok | K6: =IF(AND(D6="consent",E6="Not applicable"),"Review",IF(AND(D6<>"consent",E6<>"Not applicable"),"Review","ok")) -> ok | L6: =IF(COUNTIF(CUSTOMERS!$A$2:$A$14,B6)>0,"ok","not found") -> ok
A7: CN006 | B7: C0006 | C7: Marketing | D7: Consent | E7: Withdrawn | F7: 45087 | G7: 46127 | H7: Webisite | I7: =IF(AND(E7="granted",F7=""),"missing","ok") -> ok | J7: =IF(AND(E7="withdrawn",G7=""),"Missing","ok") -> ok | K7: =IF(AND(D7="consent",E7="Not applicable"),"Review",IF(AND(D7<>"consent",E7<>"Not applicable"),"Review","ok")) -> ok | L7: =IF(COUNTIF(CUSTOMERS!$A$2:$A$14,B7)>0,"ok","not found") -> ok
A8: CN007 | B8: C0007 | C8: Marketing | D8: Consent | E8: Granted | H8: Webisite | I8: =IF(AND(E8="granted",F8=""),"missing","ok") -> missing | J8: =IF(AND(E8="withdrawn",G8=""),"Missing","ok") -> ok | K8: =IF(AND(D8="consent",E8="Not applicable"),"Review",IF(AND(D8<>"consent",E8<>"Not applicable"),"Review","ok")) -> ok | L8: =IF(COUNTIF(CUSTOMERS!$A$2:$A$14,B8)>0,"ok","not found") -> ok
A9: CN008 | B9: C0008 | C9: Marketing | D9: Consent | E9: Granted | F9: 44578 | H9: Webisite | I9: =IF(AND(E9="granted",F9=""),"missing","ok") -> ok | J9: =IF(AND(E9="withdrawn",G9=""),"Missing","ok") -> ok | K9: =IF(AND(D9="consent",E9="Not applicable"),"Review",IF(AND(D9<>"consent",E9<>"Not applicable"),"Review","ok")) -> ok | L9: =IF(COUNTIF(CUSTOMERS!$A$2:$A$14,B9)>0,"ok","not found") -> ok
A10: CN009 | B10: C0009 | C10: Order Management | D10: Contract | E10: Not Applicable | H10: E-commerce | I10: =IF(AND(E10="granted",F10=""),"missing","ok") -> ok | J10: =IF(AND(E10="withdrawn",G10=""),"Missing","ok") -> ok | K10: =IF(AND(D10="consent",E10="Not applicable"),"Review",IF(AND(D10<>"consent",E10<>"Not applicable"),"Review","ok")) -> ok | L10: =IF(COUNTIF(CUSTOMERS!$A$2:$A$14,B10)>0,"ok","not found") -> ok
A11: CN010 | B11: C0010 | C11: Marketing | D11: Consent | E11: Withdrawn | F11: 45595 | H11: Webisite | I11: =IF(AND(E11="granted",F11=""),"missing","ok") -> ok | J11: =IF(AND(E11="withdrawn",G11=""),"Missing","ok") -> Missing | K11: =IF(AND(D11="consent",E11="Not applicable"),"Review",IF(AND(D11<>"consent",E11<>"Not applicable"),"Review","ok")) -> ok | L11: =IF(COUNTIF(CUSTOMERS!$A$2:$A$14,B11)>0,"ok","not found") -> ok
A12: CN011 | B12: C0012 | C12: Marketing | D12: Consent | E12: Granted | F12: 45637 | H12: Mobile App | I12: =IF(AND(E12="granted",F12=""),"missing","ok") -> ok | J12: =IF(AND(E12="withdrawn",G12=""),"Missing","ok") -> ok | K12: =IF(AND(D12="consent",E12="Not applicable"),"Review",IF(AND(D12<>"consent",E12<>"Not applicable"),"Review","ok")) -> ok | L12: =IF(COUNTIF(CUSTOMERS!$A$2:$A$14,B12)>0,"ok","not found") -> ok
A13: CN012 | B13: C0013 | C13: Marketing | D13: Consent | E13: Granted | F13: 43899 | H13: webisite | I13: =IF(AND(E13="granted",F13=""),"missing","ok") -> ok | J13: =IF(AND(E13="withdrawn",G13=""),"Missing","ok") -> ok | K13: =IF(AND(D13="consent",E13="Not applicable"),"Review",IF(AND(D13<>"consent",E13<>"Not applicable"),"Review","ok")) -> ok | L13: =IF(COUNTIF(CUSTOMERS!$A$2:$A$14,B13)>0,"ok","not found") -> ok

Sheet DATA_INVENTORY
A1: Data_Asset_ID | B1: Data_Asset | C1: Data_Category | D1: Data_Owner | E1: System | F1: Classification | G1: Retention_Period | H1: Contains_Personal_Data | I1: Contains_Sensitive_Data | J1: Retention_Check | K1: Data_Owner_Check | L1: Classification_Check | M1: Personal_Data_Check
A2: DA001 | B2: Customer Master Data | C2: Customer Data | D2: Marketing | E2: CRM | F2: Confidential | G2: 5 Years | H2: Yes | I2: No | J2: =IF(G2="","missing","ok") -> ok | K2: =IF(D2="","Missing","ok") -> ok | L2: =IF(F2="","Missing","ok") -> ok | M2: =IF(AND(H2="yes",TRIM(F2)=""),"Review","ok") -> ok
A3: DA002 | B3: Customer Consent Records | C3: Privacy Data | D3: Privacy | E3: Consent Management System | F3: Confidential | G3: 5 Years | H3: Yes | I3: No | J3: =IF(G3="","missing","ok") -> ok | K3: =IF(D3="","Missing","ok") -> ok | L3: =IF(F3="","Missing","ok") -> ok | M3: =IF(AND(H3="yes",TRIM(F3)=""),"Review","ok") -> ok
A4: DA003 | B4: Online Orders | C4: Transaction Data | D4: Sales | E4: E-commerce Platform | F4: Confidential | G4: 10 Years | H4: Yes | I4: No | J4: =IF(G4="","missing","ok") -> ok | K4: =IF(D4="","Missing","ok") -> ok | L4: =IF(F4="","Missing","ok") -> ok | M4: =IF(AND(H4="yes",TRIM(F4)=""),"Review","ok") -> ok
A5: DA004 | B5: Customer Support Tickets | C5: Support Data | D5: Customer Service | E5: CRM | G5: 3 Years | H5: Yes | I5: No | J5: =IF(G5="","missing","ok") -> ok | K5: =IF(D5="","Missing","ok") -> ok | L5: =IF(F5="","Missing","ok") -> Missing | M5: =IF(AND(H5="yes",TRIM(F5)=""),"Review","ok") -> Review
A6: DA005 | B6: Marketing Campaign Data | C6: Marketing Data | E6: Marketing Platform | F6: Internal | G6: 2 Years | H6: Yes | I6: No | J6: =IF(G6="","missing","ok") -> ok | K6: =IF(D6="","Missing","ok") -> Missing | L6: =IF(F6="","Missing","ok") -> ok | M6: =IF(AND(H6="yes",TRIM(F6)=""),"Review","ok") -> ok
A7: DA006 | B7: Employee Records | C7: HR Data | D7: HR | E7: HR Management System | F7: Confidential | G7: 10 Years | H7: Yes | I7: Yes | J7: =IF(G7="","missing","ok") -> ok | K7: =IF(D7="","Missing","ok") -> ok | L7: =IF(F7="","Missing","ok") -> ok | M7: =IF(AND(H7="yes",TRIM(F7)=""),"Review","ok") -> ok
A8: DA007 | B8: Product Catalogue | C8: Product Data | D8: Sales | E8: ERP | F8: Internal | G8: 2 years | H8: No | I8: No | J8: =IF(G8="","missing","ok") -> ok | K8: =IF(D8="","Missing","ok") -> ok | L8: =IF(F8="","Missing","ok") -> ok | M8: =IF(AND(H8="yes",TRIM(F8)=""),"Review","ok") -> ok
A9: DA008 | B9: Website Analytics | C9: Analytics Data | D9: Marketing | E9: Analytics Platform | F9: Internal | H9: Yes | I9: No | J9: =IF(G9="","missing","ok") -> missing | K9: =IF(D9="","Missing","ok") -> ok | L9: =IF(F9="","Missing","ok") -> ok | M9: =IF(AND(H9="yes",TRIM(F9)=""),"Review","ok") -> ok

Sheet RISK_REGISTER
A1: Risk_ID | B1: Risk_Category | C1: Related_Asset | D1: Finding | E1: Risk_Description | F1: Likelihood | G1: Impact | H1: Risk_Score | I1: Risk_Level | J1: Recommendation | K1: Risk_Owner | L1: Status
A2: R001 | B2: Data Governance | C2: DA004 | D2: Missing Data classification | E2: Customer Support Tickets have no documented classification | F2: 3 | G2: 4 | H2: =F2*G2 -> 12 | I2: =IF(H2<=4,"Low",IF(H2<=9,"Medium",IF(H2<=16,"High","Critical"))) -> High | J2: Define and coument an appropriate data classification | K2: Data Governance | L2: Open
A3: R002 | B3: Data Governance | C3: DA005 | D3: Missing data owner | E3: Marketing Campaign Data have no assigned data owner | F3: 3 | G3: 3 | H3: =F3*G3 -> 9 | I3: =IF(H3<=4,"Low",IF(H3<=9,"Medium",IF(H3<=16,"High","Critical"))) -> Medium | J3: Assign a responsible data owner | K3: Data Governance | L3: Open
A4: R003 | B4: Data Governance | C4: DA007 | D4: Missing retention policy | E4: Website Analytics has no documented retention period | F4: 2 | G4: 2 | H4: =F4*G4 -> 4 | I4: =IF(H4<=4,"Low",IF(H4<=9,"Medium",IF(H4<=16,"High","Critical"))) -> Low | J4: Define and document a retention policy | K4: Data Governance | L4: Open
A5: R004 | B5: Privacy | C5: CONSENTS | D5: Missing consent date | E5: A granted consent record has no documented consent date | F5: 3 | G5: 4 | H5: =F5*G5 -> 12 | I5: =IF(H5<=4,"Low",IF(H5<=9,"Medium",IF(H5<=16,"High","Critical"))) -> High | J5: Complete and validate consent evidence | K5: Privacy | L5: Open
A6: R005 | B6: Privacy | C6: CONSENTS | D6: Missing withdrawal date | E6: A withdrawn consent record has no documented withdrawal date | F6: 3 | G6: 4 | H6: =F6*G6 -> 12 | I6: =IF(H6<=4,"Low",IF(H6<=9,"Medium",IF(H6<=16,"High","Critical"))) -> High | J6: Complete and validate withdrawal evidence | K6: Privacy | L6: Open

Sheet DASHBOARD
A1: Customer Data Governance & GDPR Risk Assessment
A2: Executive Dashboard I NovaRetail Europe
A4: Total Customer Records | C4: Data Quality Issues | E4: Governance Issues | G4: High Risks
A5: =DATA_QUALITY!B4 -> 13 | C5: =SUM(DATA_QUALITY!B5:B9) -> 8
E6: =SUM(DATA_QUALITY!B26:B28) -> 3 | G6: =DATA_QUALITY!B33 -> 3
A9: Risk Level | B9: Number of Risks
A10: Low | B10: =DATA_QUALITY!B35 -> 1
A11: Medium | B11: =DATA_QUALITY!B34 -> 1
A12: High | B12: =DATA_QUALITY!B33 -> 3
A13: Critical | B13: =DATA_QUALITY!B36 -> 0
A16: Data Quality Issue | B16: Count
A17: Duplicate Records | B17: =DATA_QUALITY!B5 -> 2
A18: Missing Emails | B18: =DATA_QUALITY!B6 -> 1
A19: Missing Classifications | B19: =DATA_QUALITY!B7 -> 1
A20: Missing Data Owners | B20: =DATA_QUALITY!B8 -> 1
A21: Outdated Records | B21: =DATA_QUALITY!B9 -> 3
A24: Governance Issue | B24: Count
A25: Missing Retention Policy | B25: =DATA_QUALITY!B26 -> 1
A26: Missing Data Owner | B26: =DATA_QUALITY!B27 -> 1
A27: Missing Classification | B27: =DATA_QUALITY!B28 -> 1
A30: Key Findings
A31: Data Quality | B31: 8 data quality issues identified, with outdated records representing the most frequent issue.
A32: Data Governance | B32: 4 governance gaps identified across retention, data ownership and data classification.
A33: Risk Exposure | B33: 3 High risks identified; no Critical risks detected.
A34: Priority Action | B34: Prioritize record updates, ownership assignment, data classification and retention governance.
